{
  "theme": "Animals",
  "branding": "© 2025 HMQUIZ",
  "puzzles": [
    {
      "id": "a1",
      "type": "odd_one_out",
      "title": "Odd One Out – Animals",
      "difficulty": "easy",
      "grid": {
        "rows": 10,
        "cols": 10
      },
      "odd_index": 42,
      "main_emoji": "🐶",
      "odd_emoji": "🐱",
      "options": {
        "configurable": true,
        "defaultTheme": "Animals"
      }
    },
    {
      "id": "a2",
      "type": "word_search",
      "title": "Animal Word Search",
      "difficulty": "medium",
      "grid": {
        "rows": 12,
        "cols": 12
      },
      "auto_layout": true,
      "word_list": [
        "LION",
        "TIGER",
        "BEAR",
        "ZEBRA",
        "HORSE",
        "CAMEL",
        "EAGLE",
        "PANDA"
      ],
      "options": {
        "allowReverse": false,
        "directions": [
          "H",
          "V"
        ],
        "maxAttemptsPerWord": 500
      }
    },
    {
      "id": "a3",
      "type": "fill_in_blanks",
      "title": "Animal Facts – Fill the Blanks",
      "difficulty": "easy",
      "items": [
        {
          "text": "The king of the jungle is the ____.",
          "answer": [
            "LION"
          ],
          "blanks": [
            {
              "len": 4
            }
          ]
        },
        {
          "text": "A black and white striped animal is a ____.",
          "answer": [
            "ZEBRA"
          ],
          "blanks": [
            {
              "len": 5
            }
          ]
        }
      ],
      "render": {
        "style": "boxes"
      }
    },
    {
      "id": "a4",
      "type": "crossword",
      "title": "Mini Animal Crossword",
      "difficulty": "medium",
      "grid": {
        "rows": 6,
        "cols": 7,
        "blocks": [
          [
            1,
            5
          ],
          [
            2,
            4
          ],
          [
            3,
            3
          ]
        ]
      },
      "numbers": [
        {
          "row": 1,
          "col": 1,
          "num": 1
        },
        {
          "row": 2,
          "col": 1,
          "num": 2
        },
        {
          "row": 3,
          "col": 1,
          "num": 3
        },
        {
          "row": 1,
          "col": 6,
          "num": 4
        },
        {
          "row": 1,
          "col": 7,
          "num": 5
        },
        {
          "row": 2,
          "col": 5,
          "num": 6
        }
      ],
      "clues": {
        "across": [
          {
            "num": 1,
            "len": 4,
            "clue": "Cat sound"
          },
          {
            "num": 2,
            "len": 3,
            "clue": "Large wild cat (abbr.)"
          },
          {
            "num": 3,
            "len": 2,
            "clue": "Male bovine"
          }
        ],
        "down": [
          {
            "num": 4,
            "len": 5,
            "clue": "Big striped cat"
          },
          {
            "num": 5,
            "len": 5,
            "clue": "Savanna animal"
          },
          {
            "num": 6,
            "len": 5,
            "clue": "A bear from China"
          }
        ]
      },
      "answers": {
        "filled": [
          {
            "row": 1,
            "col": 1,
            "ch": "M"
          },
          {
            "row": 1,
            "col": 2,
            "ch": "E"
          },
          {
            "row": 1,
            "col": 3,
            "ch": "O"
          },
          {
            "row": 1,
            "col": 4,
            "ch": "W"
          },
          {
            "row": 2,
            "col": 1,
            "ch": "L"
          },
          {
            "row": 2,
            "col": 2,
            "ch": "E"
          },
          {
            "row": 2,
            "col": 3,
            "ch": "O"
          },
          {
            "row": 3,
            "col": 1,
            "ch": "O"
          },
          {
            "row": 3,
            "col": 2,
            "ch": "X"
          },
          {
            "row": 1,
            "col": 6,
            "ch": "T"
          },
          {
            "row": 2,
            "col": 6,
            "ch": "I"
          },
          {
            "row": 3,
            "col": 6,
            "ch": "G"
          },
          {
            "row": 4,
            "col": 6,
            "ch": "E"
          },
          {
            "row": 5,
            "col": 6,
            "ch": "R"
          },
          {
            "row": 1,
            "col": 7,
            "ch": "Z"
          },
          {
            "row": 2,
            "col": 7,
            "ch": "E"
          },
          {
            "row": 3,
            "col": 7,
            "ch": "B"
          },
          {
            "row": 4,
            "col": 7,
            "ch": "R"
          },
          {
            "row": 5,
            "col": 7,
            "ch": "A"
          },
          {
            "row": 2,
            "col": 5,
            "ch": "P"
          },
          {
            "row": 3,
            "col": 5,
            "ch": "A"
          },
          {
            "row": 4,
            "col": 5,
            "ch": "N"
          },
          {
            "row": 5,
            "col": 5,
            "ch": "D"
          },
          {
            "row": 6,
            "col": 5,
            "ch": "A"
          }
        ]
      }
    },
    {
      "id": "a5",
      "type": "sudoku",
      "title": "Animal Sudoku (9×9)",
      "difficulty": "hard",
      "grid": {
        "size": 9,
        "givens": [
          {
            "row": 1,
            "col": 1,
            "val": 5
          },
          {
            "row": 1,
            "col": 2,
            "val": 3
          },
          {
            "row": 1,
            "col": 5,
            "val": 7
          },
          {
            "row": 2,
            "col": 1,
            "val": 6
          },
          {
            "row": 2,
            "col": 4,
            "val": 1
          },
          {
            "row": 2,
            "col": 5,
            "val": 9
          },
          {
            "row": 2,
            "col": 6,
            "val": 5
          },
          {
            "row": 3,
            "col": 2,
            "val": 9
          },
          {
            "row": 3,
            "col": 3,
            "val": 8
          },
          {
            "row": 3,
            "col": 8,
            "val": 6
          }
        ]
      },
      "solution": {
        "rows": [
          [
            5,
            3,
            4,
            6,
            7,
            8,
            9,
            1,
            2
          ],
          [
            6,
            7,
            2,
            1,
            9,
            5,
            3,
            4,
            8
          ],
          [
            1,
            9,
            8,
            3,
            4,
            2,
            5,
            6,
            7
          ],
          [
            8,
            5,
            9,
            7,
            6,
            1,
            4,
            2,
            3
          ],
          [
            4,
            2,
            6,
            8,
            5,
            3,
            7,
            9,
            1
          ],
          [
            7,
            1,
            3,
            9,
            2,
            4,
            8,
            5,
            6
          ],
          [
            9,
            6,
            1,
            5,
            3,
            7,
            2,
            8,
            4
          ],
          [
            2,
            8,
            7,
            4,
            1,
            9,
            6,
            3,
            5
          ],
          [
            3,
            4,
            5,
            2,
            8,
            6,
            1,
            7,
            9
          ]
        ]
      },
      "options": {
        "subgrid": {
          "rows": 3,
          "cols": 3
        }
      }
    },
    {
      "id": "a6",
      "type": "spot_the_difference",
      "title": "Spot the Difference – Safari",
      "difficulty": "easy",
      "images": {
        "left": {
          "src": "https://upload.wikimedia.org/wikipedia/commons/thumb/a/a9/Example.jpg/400px-Example.jpg",
          "alt": "Left"
        },
        "right": {
          "src": "https://upload.wikimedia.org/wikipedia/commons/thumb/a/a9/Example.jpg/400px-Example.jpg",
          "alt": "Right"
        }
      },
      "differences_required": 2,
      "answers": {
        "regions": [
          {
            "shape": "rect",
            "x": 40,
            "y": 40,
            "w": 60,
            "h": 30
          },
          {
            "shape": "rect",
            "x": 140,
            "y": 110,
            "w": 40,
            "h": 40
          }
        ]
      },
      "render": {
        "width": 320
      }
    }
  ]
}